Loan_ID,Gender,Married,Dependents,Education,Self_Employed,ApplicantIncome,CoapplicantIncome,LoanAmount,Loan_Amount_Term,Credit_History,Property_Area,Loan_Status,log_LoanAmount,total_income,log_total_income
LP001529,Male,Yes,0,Graduate,Yes,2577,3750.0,152.0,360.0,1.0,Rural,Y,5.0238805208462765,6327.0,8.752581469146884
LP001749,Male,Yes,0,Graduate,No,7578,1010.0,175.0,360.0,1.0,Semiurban,Y,5.1647859739235145,8588.0,9.058121158998672
LP002785,Male,Yes,1,Graduate,No,3333,3250.0,158.0,360.0,1.0,Urban,Y,5.062595033026967,6583.0,8.792245847467877
LP001859,Male,Yes,0,Graduate,No,14683,2100.0,304.0,360.0,1.0,Rural,N,5.717027701406222,16783.0,9.72812174830818
LP001543,Male,Yes,1,Graduate,No,9538,0.0,187.0,360.0,1.0,Urban,Y,5.231108616854587,9538.0,9.16303909885817
LP001835,Male,Yes,0,Not Graduate,No,1668,3890.0,201.0,360.0,0.0,Semiurban,N,5.303304908059076,5558.0,8.62299361030245
LP002795,Male,Yes,3+,Graduate,Yes,10139,0.0,260.0,360.0,1.0,Semiurban,Y,5.560681631015528,10139.0,9.22414465295258
LP002364,Male,Yes,0,Graduate,No,14880,0.0,96.0,360.0,1.0,Semiurban,Y,4.564348191467836,14880.0,9.607773308387083
LP002429,Male,Yes,1,Graduate,Yes,3466,1210.0,130.0,360.0,1.0,Rural,Y,4.867534450455582,4676.0,8.450198322591959
LP002053,Male,Yes,3+,Graduate,No,4342,189.0,124.0,360.0,1.0,Semiurban,Y,4.820281565605037,4531.0,8.418697944667139
LP001370,Male,No,0,Not Graduate,unknown,7333,0.0,120.0,360.0,1.0,Rural,N,4.787491742782046,7333.0,8.9001399880938
LP001020,Male,Yes,1,Graduate,No,12841,10968.0,349.0,360.0,1.0,Semiurban,N,5.855071922202427,23809.0,10.077818939438902
LP001465,Male,Yes,0,Graduate,No,6080,2569.0,182.0,360.0,unknown,Rural,N,5.204006687076795,8649.0,9.065198986306513
LP002950,Male,Yes,0,Not Graduate,unknown,2894,2792.0,155.0,360.0,1.0,Rural,Y,5.043425116919247,5686.0,8.645762292210945
LP002237,Male,No,1,Graduate,unknown,3667,0.0,113.0,180.0,1.0,Urban,Y,4.727387818712341,3667.0,8.207129168071326
LP001345,Male,Yes,2,Not Graduate,No,4288,3263.0,133.0,180.0,1.0,Urban,Y,4.890349128221754,7551.0,8.929435283803425
LP002560,Male,No,0,Not Graduate,No,2699,2785.0,96.0,360.0,unknown,Semiurban,Y,4.564348191467836,5484.0,8.609590040682205
LP001087,Female,No,2,Graduate,unknown,3750,2083.0,120.0,360.0,1.0,Semiurban,Y,4.787491742782046,5833.0,8.671286726753637
LP002055,Female,No,0,Graduate,No,3166,2985.0,132.0,360.0,unknown,Rural,Y,4.882801922586371,6151.0,8.724369949208368
LP001027,Male,Yes,2,Graduate,unknown,2500,1840.0,109.0,360.0,1.0,Urban,Y,4.6913478822291435,4340.0,8.375629627094451
LP001519,Female,No,0,Graduate,No,10000,1666.0,225.0,360.0,1.0,Rural,N,5.41610040220442,11666.0,9.364433907313582
LP001734,Female,Yes,2,Graduate,No,4283,2383.0,127.0,360.0,unknown,Semiurban,Y,4.844187086458591,6666.0,8.804775258867686
LP001024,Male,Yes,2,Graduate,No,3200,700.0,70.0,360.0,1.0,Urban,Y,4.248495242049359,3900.0,8.268731832117737
LP001996,Male,No,0,Graduate,No,20233,0.0,480.0,360.0,1.0,Rural,N,6.173786103901937,20233.0,9.915070213779195
LP002734,Male,Yes,0,Graduate,No,6133,3906.0,324.0,360.0,1.0,Urban,Y,5.780743515792329,10039.0,9.214232786691527
LP001319,Male,Yes,2,Not Graduate,No,3273,1820.0,81.0,360.0,1.0,Urban,Y,4.394449154672439,5093.0,8.535622326884605
LP001498,Male,No,0,Graduate,No,5417,0.0,168.0,360.0,1.0,Urban,Y,5.123963979403259,5417.0,8.597297435657898
LP002328,Male,Yes,0,Not Graduate,No,6096,0.0,218.0,360.0,0.0,Rural,N,5.384495062789089,6096.0,8.715388097366482
LP002960,Male,Yes,0,Not Graduate,No,2400,3800.0,128.0,180.0,1.0,Urban,N,4.852030263919617,6200.0,8.732304571033183
LP001100,Male,No,3+,Graduate,No,12500,3000.0,320.0,360.0,1.0,Rural,N,5.768320995793772,15500.0,9.648595302907339
LP001222,Female,No,0,Graduate,No,4166,0.0,116.0,360.0,0.0,Semiurban,N,4.7535901911063645,4166.0,8.334711621820917
LP001964,Male,Yes,0,Not Graduate,No,1800,2934.0,93.0,360.0,0.0,Urban,N,4.532599493153256,4734.0,8.46252579007393
LP001693,Female,No,0,Graduate,No,3244,0.0,80.0,360.0,1.0,Urban,Y,4.382026634673881,3244.0,8.084562415235304
LP002536,Male,Yes,3+,Not Graduate,No,3095,0.0,113.0,360.0,1.0,Rural,Y,4.727387818712341,3095.0,8.037543185118697
LP002435,Male,Yes,0,Graduate,unknown,3539,1376.0,55.0,360.0,1.0,Rural,N,4.007333185232471,4915.0,8.500047032581268
LP002949,Female,No,3+,Graduate,unknown,416,41667.0,350.0,180.0,unknown,Urban,N,5.857933154483459,42083.0,10.647399137646048
LP002547,Male,Yes,1,Graduate,No,18333,0.0,500.0,360.0,1.0,Urban,N,6.214608098422191,18333.0,9.816457993563025
LP001894,Male,Yes,0,Graduate,No,2620,2223.0,150.0,360.0,1.0,Semiurban,Y,5.0106352940962555,4843.0,8.48528964240323
LP001761,Male,No,0,Graduate,Yes,6400,0.0,200.0,360.0,1.0,Rural,Y,5.298317366548036,6400.0,8.764053269347762
LP002874,Male,No,0,Graduate,No,3229,2739.0,110.0,360.0,1.0,Urban,Y,4.700480365792417,5968.0,8.694167141883597
LP002606,Female,No,0,Graduate,No,3159,0.0,100.0,360.0,1.0,Semiurban,Y,4.605170185988092,3159.0,8.058010800802085
LP001194,Male,Yes,2,Graduate,No,2708,1167.0,97.0,360.0,1.0,Semiurban,Y,4.574710978503383,3875.0,8.262300941787448
LP002448,Male,Yes,0,Graduate,No,3948,1733.0,149.0,360.0,0.0,Rural,N,5.003946305945459,5681.0,8.644882552557126
LP002917,Female,No,0,Not Graduate,No,2165,0.0,70.0,360.0,1.0,Semiurban,Y,4.248495242049359,2165.0,7.68017564043659
LP002716,Male,No,0,Not Graduate,No,6783,0.0,130.0,360.0,1.0,Semiurban,Y,4.867534450455582,6783.0,8.82217476094608
LP001116,Male,No,0,Not Graduate,No,3748,1668.0,110.0,360.0,1.0,Semiurban,Y,4.700480365792417,5416.0,8.59711281459211
LP001356,Male,Yes,0,Graduate,No,4652,3583.0,125.0,360.0,1.0,Semiurban,Y,4.8283137373023015,8235.0,9.016148642611741
LP001041,Male,Yes,0,Graduate,unknown,2600,3500.0,115.0,360.0,1.0,Urban,Y,4.74493212836325,6100.0,8.716044050161402
LP002345,Male,Yes,0,Graduate,No,1025,2773.0,112.0,360.0,1.0,Rural,Y,4.718498871295094,3798.0,8.242229891372231
LP001106,Male,Yes,0,Graduate,No,2275,2067.0,125.0,360.0,1.0,Urban,Y,4.8283137373023015,4342.0,8.376090350438238
LP002784,Male,Yes,1,Not Graduate,No,2492,2375.0,125.0,360.0,1.0,Rural,Y,4.8283137373023015,4867.0,8.490233009833455
LP002772,Male,No,0,Graduate,No,2526,1783.0,145.0,360.0,1.0,Rural,Y,4.976733742420574,4309.0,8.368461137615839
LP002342,Male,Yes,2,Graduate,Yes,1600,20000.0,239.0,360.0,1.0,Urban,N,5.476463551931511,21600.0,9.980448593672257
LP002301,Female,No,0,Graduate,Yes,7441,0.0,194.0,360.0,1.0,Rural,N,5.267858159063328,7441.0,8.914760527397261
LP002191,Male,Yes,0,Graduate,No,19730,5266.0,570.0,360.0,1.0,Rural,N,6.345636360828596,24996.0,10.126471091048971
LP002100,Male,No,unknown,Graduate,No,2833,0.0,71.0,360.0,1.0,Urban,Y,4.2626798770413155,2833.0,7.949091499830517
LP002219,Male,Yes,3+,Graduate,No,8750,4996.0,130.0,360.0,1.0,Rural,Y,4.867534450455582,13746.0,9.52850315168155
LP001531,Male,No,0,Graduate,No,9166,0.0,244.0,360.0,1.0,Urban,N,5.497168225293202,9166.0,9.123256265069069
LP001836,Female,No,2,Graduate,No,3427,0.0,138.0,360.0,1.0,Urban,N,4.927253685157205,3427.0,8.139440521874608
LP002778,Male,Yes,2,Graduate,Yes,6633,0.0,128.0,360.0,0.0,Rural,N,4.852030263919617,6633.0,8.799812469525556
LP002234,Male,No,0,Graduate,Yes,7167,0.0,128.0,360.0,1.0,Urban,Y,4.852030263919617,7167.0,8.877242435993919
LP002223,Male,Yes,0,Graduate,No,4310,0.0,130.0,360.0,unknown,Semiurban,Y,4.867534450455582,4310.0,8.368693183097793
LP001073,Male,Yes,2,Not Graduate,No,4226,1040.0,110.0,360.0,1.0,Urban,Y,4.700480365792417,5266.0,8.569026340056254
LP002138,Male,Yes,0,Graduate,No,2625,6250.0,187.0,360.0,1.0,Rural,Y,5.231108616854587,8875.0,9.090993614343617
LP001634,Male,No,0,Graduate,No,1916,5063.0,67.0,360.0,unknown,Rural,N,4.204692619390966,6979.0,8.850660919017152
LP001594,Male,Yes,0,Graduate,No,5708,5625.0,187.0,360.0,1.0,Semiurban,Y,5.231108616854587,11333.0,9.335474102732949
LP002868,Male,Yes,2,Graduate,No,3159,461.0,108.0,84.0,1.0,Urban,Y,4.68213122712422,3620.0,8.194229304819817
LP001955,Female,No,0,Graduate,No,5000,2541.0,151.0,480.0,1.0,Rural,N,5.017279836814924,7541.0,8.928110078202646
LP001487,Male,No,0,Graduate,No,4895,0.0,102.0,360.0,1.0,Semiurban,Y,4.624972813284271,4895.0,8.49596955496461
LP002585,Male,Yes,0,Graduate,No,3597,2157.0,119.0,360.0,0.0,Rural,N,4.77912349311153,5754.0,8.657650544111494
LP002877,Male,Yes,1,Graduate,No,1782,2232.0,107.0,360.0,1.0,Rural,Y,4.672828834461906,4014.0,8.297543529356284
LP002928,Male,Yes,0,Graduate,No,3000,3416.0,56.0,180.0,1.0,Semiurban,Y,4.02535169073515,6416.0,8.766550149546351
LP002086,Female,Yes,0,Graduate,No,4333,2451.0,110.0,360.0,1.0,Urban,N,4.700480365792417,6784.0,8.822322177471738
LP002194,Female,No,0,Graduate,Yes,15759,0.0,55.0,360.0,1.0,Semiurban,Y,4.007333185232471,15759.0,9.665166909622071
LP001036,Female,No,0,Graduate,No,3510,0.0,76.0,360.0,0.0,Urban,N,4.330733340286331,3510.0,8.163371316459912
LP002821,Male,No,0,Not Graduate,Yes,5800,0.0,132.0,360.0,1.0,Semiurban,Y,4.882801922586371,5800.0,8.66561319653451
LP001907,Male,Yes,0,Graduate,No,14583,0.0,436.0,360.0,1.0,Semiurban,Y,6.077642243349034,14583.0,9.587611745713565
LP002361,Male,Yes,0,Graduate,No,1820,1719.0,100.0,360.0,1.0,Urban,Y,4.605170185988092,3539.0,8.171599480345463
LP002308,Male,Yes,0,Not Graduate,No,2167,2400.0,115.0,360.0,1.0,Urban,Y,4.74493212836325,4567.0,8.426611813185
LP001872,Male,No,0,Graduate,Yes,5166,0.0,128.0,360.0,1.0,Semiurban,Y,4.852030263919617,5166.0,8.549853973655786
LP001688,Male,Yes,1,Not Graduate,No,3500,1083.0,135.0,360.0,1.0,Urban,Y,4.90527477843843,4583.0,8.430109084509125
LP001008,Male,No,0,Graduate,No,6000,0.0,141.0,360.0,1.0,Urban,Y,4.948759890378168,6000.0,8.699514748210191
LP001792,Male,Yes,1,Graduate,No,3315,0.0,96.0,360.0,1.0,Semiurban,Y,4.564348191467836,3315.0,8.106212902619962
LP002689,Male,Yes,2,Not Graduate,No,2192,1742.0,45.0,360.0,1.0,Semiurban,Y,3.8066624897703196,3934.0,8.277411998949004
LP002008,Male,Yes,2,Graduate,Yes,5746,0.0,144.0,84.0,unknown,Rural,Y,4.969813299576001,5746.0,8.656259239539235
LP002287,Female,No,0,Graduate,No,1500,1800.0,103.0,360.0,0.0,Semiurban,N,4.634728988229636,3300.0,8.101677747454572
LP002670,Female,Yes,2,Graduate,No,2031,1632.0,113.0,480.0,1.0,Semiurban,Y,4.727387818712341,3663.0,8.206037762778815
LP001404,Female,Yes,0,Graduate,No,3167,2283.0,154.0,360.0,1.0,Semiurban,Y,5.0369526024136295,5450.0,8.60337088765729
LP002266,Male,Yes,2,Graduate,No,3100,1400.0,113.0,360.0,1.0,Urban,Y,4.727387818712341,4500.0,8.411832675758411
LP001241,Female,No,0,Graduate,No,4300,0.0,136.0,360.0,0.0,Semiurban,N,4.912654885736052,4300.0,8.366370301681654
LP002588,Male,Yes,0,Graduate,No,4625,2857.0,111.0,12.0,unknown,Urban,Y,4.709530201312334,7482.0,8.920255414908091
LP001743,Male,Yes,2,Graduate,No,4009,1717.0,116.0,360.0,1.0,Semiurban,Y,4.7535901911063645,5726.0,8.65277248565806
LP001653,Male,No,0,Not Graduate,No,4885,0.0,48.0,360.0,1.0,Rural,Y,3.871201010907891,4885.0,8.493924564476883
LP002602,Male,No,0,Graduate,No,6283,4416.0,209.0,360.0,0.0,Rural,N,5.342334251964811,10699.0,9.277905558138606
LP002348,Male,Yes,0,Graduate,No,5829,0.0,138.0,360.0,1.0,Rural,Y,4.927253685157205,5829.0,8.67060073804555
LP001664,Male,No,0,Graduate,No,4191,0.0,120.0,360.0,1.0,Rural,Y,4.787491742782046,4191.0,8.340694647925071
LP001864,Male,Yes,3+,Not Graduate,No,4931,0.0,128.0,360.0,unknown,Semiurban,N,4.852030263919617,4931.0,8.503297086224126
LP002158,Male,Yes,0,Not Graduate,No,3000,1666.0,100.0,480.0,0.0,Urban,N,4.605170185988092,4666.0,8.448057452581375
LP002582,Female,No,0,Not Graduate,Yes,17263,0.0,225.0,360.0,1.0,Semiurban,Y,5.41610040220442,17263.0,9.756320761816548
LP002114,Female,No,0,Graduate,No,4160,0.0,71.0,360.0,1.0,Semiurban,Y,4.2626798770413155,4160.0,8.333270353255308
LP001006,Male,Yes,0,Not Graduate,No,2583,2358.0,120.0,360.0,1.0,Urban,Y,4.787491742782046,4941.0,8.50532301884575
LP002863,Male,Yes,3+,Graduate,No,6406,0.0,150.0,360.0,1.0,Semiurban,N,5.0106352940962555,6406.0,8.764990330169104
LP001914,Male,Yes,0,Graduate,No,3927,800.0,112.0,360.0,1.0,Semiurban,Y,4.718498871295094,4727.0,8.461046030793236
LP001164,Female,No,0,Graduate,No,4230,0.0,112.0,360.0,1.0,Semiurban,N,4.718498871295094,4230.0,8.349957272040324
LP002717,Male,Yes,0,Graduate,No,1025,5500.0,216.0,360.0,unknown,Rural,Y,5.375278407684165,6525.0,8.783396232190894
LP001744,Male,No,0,Graduate,No,2971,2791.0,144.0,360.0,1.0,Semiurban,Y,4.969813299576001,5762.0,8.659039915644474
LP001574,Male,Yes,0,Graduate,No,3707,3166.0,182.0,360.0,1.0,Rural,Y,5.204006687076795,6873.0,8.835355971121606
LP001711,Male,Yes,3+,Graduate,No,3430,1250.0,128.0,360.0,0.0,Semiurban,N,4.852030263919617,4680.0,8.451053388911692
LP002990,Female,No,0,Graduate,Yes,4583,0.0,133.0,360.0,0.0,Semiurban,N,4.890349128221754,4583.0,8.430109084509125
LP002131,Male,Yes,2,Not Graduate,No,3083,2168.0,126.0,360.0,1.0,Urban,Y,4.836281906951478,5251.0,8.566173813637858
LP002820,Male,Yes,0,Graduate,No,5923,2054.0,211.0,360.0,1.0,Rural,Y,5.351858133476067,7977.0,8.984317679911129
LP002804,Female,Yes,0,Graduate,No,4180,2306.0,182.0,360.0,1.0,Semiurban,Y,5.204006687076795,6486.0,8.777401286867264
LP001908,Female,Yes,0,Not Graduate,No,4100,0.0,124.0,360.0,unknown,Rural,Y,4.820281565605037,4100.0,8.318742252692399
LP002424,Male,Yes,0,Graduate,No,7333,8333.0,175.0,300.0,unknown,Rural,Y,5.1647859739235145,15666.0,9.659248037927183
LP002201,Male,Yes,2,Graduate,Yes,9323,7873.0,380.0,300.0,1.0,Rural,Y,5.940171252720432,17196.0,9.752432077616172
LP001870,Female,No,1,Graduate,No,3481,0.0,155.0,36.0,1.0,Semiurban,N,5.043425116919247,3481.0,8.15507488781144
LP001938,Male,Yes,2,Graduate,No,4400,0.0,127.0,360.0,0.0,Semiurban,N,4.844187086458591,4400.0,8.389359819906353
LP001940,Male,Yes,2,Graduate,No,3153,1560.0,134.0,360.0,1.0,Urban,Y,4.897839799950911,4713.0,8.45807992692373
LP001935,Male,No,0,Graduate,No,9508,0.0,187.0,360.0,1.0,Rural,Y,5.231108616854587,9508.0,9.159888828480085
LP001790,Female,No,1,Graduate,No,3812,0.0,112.0,360.0,1.0,Rural,Y,4.718498871295094,3812.0,8.245909264774093
LP001325,Male,No,0,Not Graduate,No,3620,0.0,25.0,120.0,1.0,Semiurban,Y,3.2188758248682006,3620.0,8.194229304819817
LP002357,Female,No,0,Not Graduate,No,2720,0.0,80.0,360.0,0.0,Urban,N,4.382026634673881,2720.0,7.908387159290043
LP001289,Male,No,0,Graduate,No,8566,0.0,210.0,360.0,1.0,Urban,Y,5.3471075307174685,8566.0,9.055556158175316
LP001639,Female,Yes,0,Graduate,No,3625,0.0,108.0,360.0,1.0,Semiurban,Y,4.68213122712422,3625.0,8.195609567288775
LP002098,Male,No,0,Graduate,No,2935,0.0,98.0,360.0,1.0,Semiurban,Y,4.584967478670572,2935.0,7.984462732262196
LP001844,Male,No,0,Graduate,Yes,16250,0.0,192.0,360.0,0.0,Urban,N,5.2574953720277815,16250.0,9.695848187757884
LP002314,Female,No,0,Not Graduate,No,2213,0.0,66.0,360.0,1.0,Rural,Y,4.189654742026425,2213.0,7.70210434005105
LP002978,Female,No,0,Graduate,No,2900,0.0,71.0,360.0,1.0,Rural,Y,4.2626798770413155,2900.0,7.9724660159745655
LP001692,Female,No,0,Not Graduate,No,4408,0.0,120.0,360.0,1.0,Semiurban,Y,4.787491742782046,4408.0,8.391176350832751
LP002515,Male,Yes,1,Graduate,Yes,3450,2079.0,162.0,360.0,1.0,Semiurban,Y,5.087596335232384,5529.0,8.617762246337932
LP002035,Male,Yes,2,Graduate,No,3717,0.0,120.0,360.0,1.0,Semiurban,Y,4.787491742782046,3717.0,8.220672170297252
LP002720,Male,Yes,3+,Graduate,No,4281,0.0,100.0,360.0,1.0,Urban,Y,4.605170185988092,4281.0,8.361941906144946
LP002315,Male,Yes,1,Graduate,No,8300,0.0,152.0,300.0,0.0,Semiurban,N,5.0238805208462765,8300.0,9.02401079378469
LP002643,Male,Yes,2,Graduate,No,3283,2035.0,148.0,360.0,1.0,Urban,Y,4.997212273764115,5318.0,8.578852571802965
LP001904,Male,Yes,0,Graduate,No,3103,1300.0,80.0,360.0,1.0,Urban,Y,4.382026634673881,4403.0,8.390041405755754
LP001131,Male,Yes,0,Graduate,No,3941,2336.0,134.0,360.0,1.0,Semiurban,Y,4.897839799950911,6277.0,8.744647438317532
LP001250,Male,Yes,3+,Not Graduate,No,4755,0.0,95.0,360.0,0.0,Semiurban,N,4.553876891600541,4755.0,8.46695197497949
LP001391,Male,Yes,0,Not Graduate,No,3572,4114.0,152.0,360.0,0.0,Rural,N,5.0238805208462765,7686.0,8.94715577112479
LP002317,Male,Yes,3+,Graduate,No,81000,0.0,360.0,360.0,0.0,Rural,N,5.886104031450156,81000.0,11.302204433654575
LP001720,Male,Yes,3+,Not Graduate,No,3850,983.0,100.0,360.0,1.0,Semiurban,Y,4.605170185988092,4833.0,8.483222671845084
LP002187,Male,No,0,Graduate,No,2500,0.0,96.0,480.0,1.0,Semiurban,N,4.564348191467836,2500.0,7.824046010856292
LP001698,Male,No,0,Not Graduate,No,3975,2531.0,55.0,360.0,1.0,Rural,Y,4.007333185232471,6506.0,8.780480107033297
LP002170,Male,Yes,2,Graduate,No,5000,3667.0,236.0,360.0,1.0,Semiurban,Y,5.4638318050256105,8667.0,9.067277989134345
LP001754,Male,Yes,unknown,Not Graduate,Yes,4735,0.0,138.0,360.0,1.0,Urban,N,4.927253685157205,4735.0,8.462737005620179
LP002501,unknown,Yes,0,Graduate,No,16692,0.0,110.0,360.0,1.0,Semiurban,Y,4.700480365792417,16692.0,9.722684841711443
LP002409,Male,Yes,0,Graduate,No,7901,1833.0,180.0,360.0,1.0,Rural,Y,5.19295685089021,9734.0,9.1833801903934
LP002097,Male,No,1,Graduate,No,4384,1793.0,117.0,360.0,1.0,Urban,Y,4.762173934797756,6177.0,8.728587995695898
LP002180,Male,No,0,Graduate,Yes,6822,0.0,141.0,360.0,1.0,Rural,Y,4.948759890378168,6822.0,8.82790796297859
LP001882,Male,Yes,3+,Graduate,No,4333,1811.0,160.0,360.0,0.0,Urban,Y,5.075173815233827,6144.0,8.723231274827508
LP002888,Male,No,0,Graduate,unknown,3182,2917.0,161.0,360.0,1.0,Urban,Y,5.081404364984463,6099.0,8.715880102296456
LP001581,Male,Yes,0,Not Graduate,unknown,1820,1769.0,95.0,360.0,1.0,Rural,Y,4.553876891600541,3589.0,8.185628891147607
LP001708,Female,No,0,Graduate,No,10000,0.0,214.0,360.0,1.0,Semiurban,N,5.365976015021851,10000.0,9.210340371976184
LP002103,unknown,Yes,1,Graduate,Yes,9833,1833.0,182.0,180.0,1.0,Urban,Y,5.204006687076795,11666.0,9.364433907313582
LP001824,Male,Yes,1,Graduate,No,2882,1843.0,123.0,480.0,1.0,Semiurban,Y,4.812184355372417,4725.0,8.460622839927844
LP002640,Male,Yes,1,Graduate,No,6065,2004.0,250.0,360.0,1.0,Semiurban,Y,5.521460917862246,8069.0,8.995784837848506
LP002531,Male,Yes,1,Graduate,Yes,16667,2250.0,86.0,360.0,1.0,Semiurban,Y,4.454347296253507,18917.0,9.847816267665664
LP002211,Male,Yes,0,Graduate,No,4817,923.0,120.0,180.0,1.0,Urban,Y,4.787491742782046,5740.0,8.655214489313613
LP002265,Male,Yes,2,Not Graduate,No,1993,1625.0,113.0,180.0,1.0,Semiurban,Y,4.727387818712341,3618.0,8.193676665955241
LP001903,Male,Yes,0,Graduate,No,3993,3274.0,207.0,360.0,1.0,Semiurban,Y,5.332718793265369,7267.0,8.891098830616636
LP001514,Female,Yes,0,Graduate,No,2330,4486.0,100.0,360.0,1.0,Semiurban,Y,4.605170185988092,6816.0,8.827028068509152
LP001179,Male,Yes,2,Graduate,No,4616,0.0,134.0,360.0,1.0,Urban,N,4.897839799950911,4616.0,8.437283808187935
LP001119,Male,No,0,Graduate,No,3600,0.0,80.0,360.0,1.0,Urban,N,4.382026634673881,3600.0,8.1886891244442
LP001947,Male,Yes,0,Graduate,No,2383,3334.0,172.0,360.0,1.0,Semiurban,Y,5.147494476813453,5717.0,8.651199471263972
LP001225,Male,Yes,0,Graduate,No,5726,4595.0,258.0,360.0,1.0,Semiurban,N,5.552959584921617,10321.0,9.241935933565934
LP002130,Male,Yes,unknown,Not Graduate,No,3523,3230.0,152.0,360.0,0.0,Rural,N,5.0238805208462765,6753.0,8.817742129574842
LP001751,Male,Yes,0,Graduate,No,3250,0.0,170.0,360.0,1.0,Rural,N,5.135798437050262,3250.0,8.086410275323782
LP002958,Male,No,0,Graduate,No,3676,4301.0,172.0,360.0,1.0,Rural,Y,5.147494476813453,7977.0,8.984317679911129
LP001603,Male,Yes,0,Not Graduate,Yes,4344,736.0,87.0,360.0,1.0,Semiurban,N,4.465908118654584,5080.0,8.533066540572527
LP001953,Male,Yes,1,Graduate,No,6875,0.0,200.0,360.0,1.0,Semiurban,Y,5.298317366548036,6875.0,8.835646922534773
LP001945,Female,No,unknown,Graduate,No,5417,0.0,143.0,480.0,0.0,Urban,N,4.962844630259907,5417.0,8.597297435657898
LP002684,Female,No,0,Not Graduate,No,3400,0.0,95.0,360.0,1.0,Rural,N,4.553876891600541,3400.0,8.131530710604252
LP002332,Male,Yes,0,Not Graduate,No,2253,2033.0,110.0,360.0,1.0,Rural,Y,4.700480365792417,4286.0,8.363109176033522
LP001253,Male,Yes,3+,Graduate,Yes,5266,1774.0,187.0,360.0,1.0,Semiurban,Y,5.231108616854587,7040.0,8.859363449152088
LP002892,Male,Yes,2,Graduate,No,6540,0.0,205.0,360.0,1.0,Semiurban,Y,5.3230099791384085,6540.0,8.785692444451245
LP001032,Male,No,0,Graduate,No,4950,0.0,125.0,360.0,1.0,Urban,Y,4.8283137373023015,4950.0,8.507142855562735
LP001608,Male,Yes,2,Graduate,No,2045,1619.0,101.0,360.0,1.0,Rural,Y,4.61512051684126,3664.0,8.20631072579402
LP001098,Male,Yes,0,Graduate,No,3500,1667.0,114.0,360.0,1.0,Semiurban,Y,4.736198448394496,5167.0,8.550047528287184
LP002983,Male,Yes,1,Graduate,No,8072,240.0,253.0,360.0,1.0,Urban,Y,5.53338948872752,8312.0,9.025455532779063
LP002615,Male,Yes,2,Graduate,No,4865,5624.0,208.0,360.0,1.0,Semiurban,Y,5.337538079701318,10489.0,9.258082367961604
LP002024,unknown,Yes,0,Graduate,No,2473,1843.0,159.0,360.0,1.0,Rural,N,5.0689042022202315,4316.0,8.370084326378025
LP001977,Male,Yes,1,Graduate,No,1625,1803.0,96.0,360.0,1.0,Urban,Y,4.564348191467836,3428.0,8.13973227971767
LP001691,Male,Yes,2,Not Graduate,No,3917,0.0,124.0,360.0,1.0,Semiurban,Y,4.820281565605037,3917.0,8.27308133366583
LP002151,Male,Yes,1,Graduate,No,3875,0.0,67.0,360.0,1.0,Urban,N,4.204692619390966,3875.0,8.262300941787448
LP001473,Male,No,0,Graduate,No,2014,1929.0,74.0,360.0,1.0,Urban,Y,4.30406509320417,3943.0,8.279697133877628
LP001043,Male,Yes,0,Not Graduate,No,7660,0.0,104.0,360.0,0.0,Urban,N,4.6443908991413725,7660.0,8.943767262734637
LP001990,Male,No,0,Not Graduate,No,2000,0.0,128.0,360.0,1.0,Urban,N,4.852030263919617,2000.0,7.600902459542082
LP002964,Male,Yes,2,Not Graduate,No,3987,1411.0,157.0,360.0,1.0,Rural,Y,5.056245805348308,5398.0,8.59378379357795
LP001813,Male,No,0,Graduate,Yes,6050,4333.0,120.0,180.0,1.0,Urban,N,4.787491742782046,10383.0,9.247925132303454
LP001205,Male,Yes,0,Graduate,No,2500,3796.0,120.0,360.0,1.0,Urban,Y,4.787491742782046,6296.0,8.74766979009724
LP002036,Male,Yes,0,Graduate,No,2058,2134.0,88.0,360.0,unknown,Urban,Y,4.477336814478207,4192.0,8.340933226000878
LP002959,Female,Yes,1,Graduate,No,12000,0.0,496.0,360.0,1.0,Semiurban,Y,6.206575926724928,12000.0,9.392661928770137
LP002112,Male,Yes,2,Graduate,Yes,2500,4600.0,176.0,360.0,1.0,Rural,Y,5.170483995038151,7100.0,8.867850063029406
LP001993,Female,No,0,Graduate,No,3762,1666.0,135.0,360.0,1.0,Rural,Y,4.90527477843843,5428.0,8.59932602095476
LP001606,Male,Yes,0,Graduate,No,3497,1964.0,116.0,360.0,1.0,Rural,Y,4.7535901911063645,5461.0,8.605387202152153
LP001318,Male,Yes,2,Graduate,No,6250,5654.0,188.0,180.0,1.0,Semiurban,Y,5.236441962829949,11904.0,9.384629757072872
LP001421,Male,Yes,0,Graduate,No,5568,2142.0,175.0,360.0,1.0,Rural,N,5.1647859739235145,7710.0,8.950273466557375
LP001715,Male,Yes,3+,Not Graduate,Yes,5703,0.0,130.0,360.0,1.0,Rural,Y,4.867534450455582,5703.0,8.648747631156539
LP002893,Male,No,0,Graduate,No,1836,33837.0,90.0,360.0,1.0,Urban,N,4.499809670330265,35673.0,10.482149379105689
LP001398,Male,No,0,Graduate,unknown,5050,0.0,118.0,360.0,1.0,Semiurban,Y,4.770684624465665,5050.0,8.527143522269405
LP002263,Male,Yes,0,Graduate,No,2583,2115.0,120.0,360.0,unknown,Urban,Y,4.787491742782046,4698.0,8.454892165218858
LP002082,Male,Yes,0,Graduate,Yes,5818,2160.0,184.0,360.0,1.0,Semiurban,Y,5.214935757608986,7978.0,8.984443032465352
LP001011,Male,Yes,2,Graduate,Yes,5417,4196.0,267.0,360.0,1.0,Urban,Y,5.58724865840025,9613.0,9.170871628065816
LP002961,Male,Yes,1,Graduate,No,3400,2500.0,173.0,360.0,1.0,Semiurban,Y,5.153291594497779,5900.0,8.68270762989381
LP001432,Male,Yes,2,Graduate,No,2957,0.0,81.0,360.0,1.0,Semiurban,Y,4.394449154672439,2957.0,7.9919305198524775
LP001199,Male,Yes,2,Not Graduate,No,3357,2859.0,144.0,360.0,1.0,Urban,Y,4.969813299576001,6216.0,8.734881892047483
LP001666,Male,No,0,Graduate,No,8333,3750.0,187.0,360.0,1.0,Rural,Y,5.231108616854587,12083.0,9.399554785027307
LP002519,Male,Yes,3+,Graduate,No,4691,0.0,100.0,360.0,1.0,Semiurban,Y,4.605170185988092,4691.0,8.453401058328458
LP002619,Male,Yes,0,Not Graduate,No,3814,1483.0,124.0,300.0,1.0,Semiurban,Y,4.820281565605037,5297.0,8.574895901544526
LP001888,Female,No,0,Graduate,No,3237,0.0,30.0,360.0,1.0,Urban,Y,3.4011973816621555,3237.0,8.082402253926244
LP002622,Male,Yes,2,Graduate,No,3510,4416.0,243.0,360.0,1.0,Rural,Y,5.493061443340548,7926.0,8.97790377375038
LP002862,Male,Yes,2,Not Graduate,No,6125,1625.0,187.0,480.0,1.0,Semiurban,N,5.231108616854587,7750.0,8.955448122347393
LP002792,Male,Yes,1,Graduate,No,5468,1032.0,26.0,360.0,1.0,Semiurban,Y,3.258096538021482,6500.0,8.779557455883728
LP001798,Male,Yes,2,Graduate,No,5819,5000.0,120.0,360.0,1.0,Rural,Y,4.787491742782046,10819.0,9.289059126687574
LP002229,Male,No,0,Graduate,No,5941,4232.0,296.0,360.0,1.0,Semiurban,Y,5.69035945432406,10173.0,9.227492430793749
LP001279,Male,No,0,Graduate,No,2366,2531.0,136.0,360.0,1.0,Semiurban,Y,4.912654885736052,4897.0,8.496378051702317
LP001636,Male,Yes,0,Graduate,No,4600,0.0,73.0,180.0,1.0,Semiurban,Y,4.290459441148391,4600.0,8.433811582477187
LP002894,Female,Yes,0,Graduate,No,3166,0.0,36.0,360.0,1.0,Semiurban,Y,3.58351893845611,3166.0,8.060224240440958
LP001349,Male,No,0,Graduate,No,4843,3806.0,151.0,360.0,1.0,Semiurban,Y,5.017279836814924,8649.0,9.065198986306513
LP001195,Male,Yes,0,Graduate,No,2132,1591.0,96.0,360.0,1.0,Semiurban,Y,4.564348191467836,3723.0,8.222285073872717
LP002940,Male,No,0,Not Graduate,No,3833,0.0,110.0,360.0,1.0,Rural,Y,4.700480365792417,3833.0,8.251403065380556
LP002489,Female,No,1,Not Graduate,unknown,5191,0.0,132.0,360.0,1.0,Semiurban,Y,4.882801922586371,5191.0,8.55468163582723
LP001233,Male,Yes,1,Graduate,No,10750,0.0,312.0,360.0,1.0,Urban,Y,5.7430031878094825,10750.0,9.28266103355581
LP002224,Male,No,0,Graduate,No,3069,0.0,71.0,480.0,1.0,Urban,N,4.2626798770413155,3069.0,8.029107054619736
LP002262,Male,Yes,3+,Graduate,No,9504,0.0,275.0,360.0,1.0,Rural,Y,5.616771097666572,9504.0,9.159468041602427
LP002933,unknown,No,3+,Graduate,Yes,9357,0.0,292.0,360.0,1.0,Semiurban,Y,5.676753802268282,9357.0,9.143880005275912
LP002277,Female,No,0,Graduate,No,3180,0.0,71.0,360.0,0.0,Urban,N,4.2626798770413155,3180.0,8.064636475774222
LP001392,Female,No,1,Graduate,Yes,7451,0.0,125.0,360.0,1.0,Semiurban,Y,4.8283137373023015,7451.0,8.916103530553727
LP001310,Male,Yes,0,Graduate,No,5695,4167.0,175.0,360.0,1.0,Semiurban,Y,5.1647859739235145,9862.0,9.196444266784072
LP001925,Female,No,0,Graduate,Yes,2600,1717.0,99.0,300.0,1.0,Semiurban,N,4.59511985013459,4317.0,8.370315995555478
LP001497,Male,Yes,2,Graduate,No,5042,2083.0,185.0,360.0,1.0,Rural,N,5.220355825078324,7125.0,8.871365005136852
LP002600,Male,Yes,1,Graduate,Yes,2895,0.0,95.0,360.0,1.0,Semiurban,Y,4.553876891600541,2895.0,7.970740390007095
LP002178,Male,Yes,0,Graduate,No,3013,3033.0,95.0,300.0,unknown,Urban,Y,4.553876891600541,6046.0,8.707152175339404
LP001892,Male,No,0,Graduate,No,2833,1857.0,126.0,360.0,1.0,Rural,Y,4.836281906951478,4690.0,8.453187861440325
LP002794,Female,No,0,Graduate,No,2667,1625.0,84.0,360.0,unknown,Urban,Y,4.430816798843313,4292.0,8.36450810375059
LP002255,Male,No,3+,Graduate,No,9167,0.0,185.0,360.0,1.0,Rural,Y,5.220355825078324,9167.0,9.123365357961776
LP001532,Male,Yes,2,Not Graduate,No,2281,0.0,113.0,360.0,1.0,Rural,N,4.727387818712341,2281.0,7.732369222284388
LP002050,Male,Yes,1,Graduate,Yes,10000,0.0,155.0,360.0,1.0,Rural,N,5.043425116919247,10000.0,9.210340371976184
LP001917,Female,No,0,Graduate,No,1811,1666.0,54.0,360.0,1.0,Urban,Y,3.9889840465642745,3477.0,8.153925132007862
LP002743,Female,No,0,Graduate,No,2138,0.0,99.0,360.0,0.0,Semiurban,N,4.59511985013459,2138.0,7.6676260915849905
LP001109,Male,Yes,0,Graduate,No,1828,1330.0,100.0,360.0,0.0,Urban,N,4.605170185988092,3158.0,8.057694194815587
LP002587,Male,Yes,0,Not Graduate,No,2600,1700.0,107.0,360.0,1.0,Rural,Y,4.672828834461906,4300.0,8.366370301681654
LP001716,Male,Yes,0,Graduate,No,3173,3021.0,137.0,360.0,1.0,Urban,Y,4.919980925828125,6194.0,8.731336360533149
LP002472,Male,No,2,Graduate,No,4354,0.0,136.0,360.0,1.0,Rural,Y,4.912654885736052,4354.0,8.378850241794492
LP001778,Male,Yes,1,Graduate,No,3155,1779.0,140.0,360.0,1.0,Semiurban,Y,4.941642422609304,4934.0,8.503905297089302
LP001273,Male,Yes,0,Graduate,No,6000,2250.0,265.0,360.0,unknown,Semiurban,N,5.579729825986222,8250.0,9.017968479328726
LP002625,unknown,No,0,Graduate,No,3583,0.0,96.0,360.0,1.0,Urban,N,4.564348191467836,3583.0,8.183955717304954
LP002140,Male,No,0,Graduate,No,8750,4167.0,308.0,360.0,1.0,Rural,N,5.730099782973574,12917.0,9.466299552232016
LP001896,Male,Yes,2,Graduate,No,3900,0.0,90.0,360.0,1.0,Semiurban,Y,4.499809670330265,3900.0,8.268731832117737
LP002541,Male,Yes,0,Graduate,No,10833,0.0,234.0,360.0,1.0,Semiurban,Y,5.455321115357702,10833.0,9.290352309945568
LP002300,Female,No,0,Not Graduate,No,1963,0.0,53.0,360.0,1.0,Semiurban,Y,3.970291913552122,1963.0,7.5822291942764615
LP001819,Male,Yes,1,Not Graduate,No,6608,0.0,137.0,180.0,1.0,Urban,Y,4.919980925828125,6608.0,8.796036315200814
LP001776,Female,No,0,Graduate,No,8333,0.0,280.0,360.0,1.0,Semiurban,Y,5.634789603169249,8333.0,9.027978814382207
LP001114,Male,No,0,Graduate,No,4166,7210.0,184.0,360.0,1.0,Urban,Y,5.214935757608986,11376.0,9.339261152043022
LP001430,Female,No,0,Graduate,No,4166,0.0,44.0,360.0,1.0,Semiurban,Y,3.784189633918261,4166.0,8.334711621820917
LP001891,Male,Yes,0,Graduate,No,11146,0.0,136.0,360.0,1.0,Urban,Y,4.912654885736052,11146.0,9.318835968129482
LP001384,Male,Yes,3+,Not Graduate,No,2071,754.0,94.0,480.0,1.0,Semiurban,Y,4.543294782270004,2825.0,7.946263643580541
LP002757,Female,Yes,0,Not Graduate,No,3017,663.0,102.0,360.0,unknown,Semiurban,Y,4.624972813284271,3680.0,8.210668031162976
LP002912,Male,Yes,1,Graduate,No,4283,3000.0,172.0,84.0,1.0,Rural,N,5.147494476813453,7283.0,8.893298144217916
LP001367,Male,Yes,1,Graduate,No,3052,1030.0,100.0,360.0,1.0,Urban,Y,4.605170185988092,4082.0,8.31434234336979
LP002272,Male,Yes,2,Graduate,No,3276,484.0,135.0,360.0,unknown,Semiurban,Y,4.90527477843843,3760.0,8.23217423638394
LP001849,Male,No,0,Not Graduate,No,6045,0.0,115.0,360.0,0.0,Rural,N,4.74493212836325,6045.0,8.706986763048892
LP002366,Male,Yes,0,Graduate,No,2666,4300.0,121.0,360.0,1.0,Rural,Y,4.795790545596741,6966.0,8.848796450925947
LP002741,Female,Yes,1,Graduate,No,4608,2845.0,140.0,180.0,1.0,Semiurban,Y,4.941642422609304,7453.0,8.916371914881694
LP001213,Male,Yes,1,Graduate,No,4945,0.0,128.0,360.0,0.0,Rural,N,4.852030263919617,4945.0,8.506132244056813
LP002006,Female,No,0,Graduate,No,2507,0.0,56.0,360.0,1.0,Rural,Y,4.02535169073515,2507.0,7.826842098158293
LP001949,Male,Yes,3+,Graduate,unknown,4416,1250.0,110.0,360.0,1.0,Urban,Y,4.700480365792417,5666.0,8.642238680390461
LP001665,Male,Yes,1,Graduate,No,3125,2583.0,170.0,360.0,1.0,Semiurban,N,5.135798437050262,5708.0,8.649623978596727
LP001883,Female,No,0,Graduate,unknown,3418,0.0,135.0,360.0,1.0,Rural,N,4.90527477843843,3418.0,8.136810863675537
LP001385,Male,No,0,Graduate,No,5316,0.0,136.0,360.0,1.0,Urban,Y,4.912654885736052,5316.0,8.578476419833136
LP001915,Male,Yes,2,Graduate,No,2301,985.7999878,78.0,180.0,1.0,Urban,Y,4.356708826689592,3286.7999878,8.097669722345216
LP002143,Female,Yes,0,Graduate,No,2423,505.0,130.0,360.0,1.0,Semiurban,Y,4.867534450455582,2928.0,7.982074875081202
LP001516,Female,Yes,2,Graduate,No,14866,0.0,70.0,360.0,1.0,Urban,Y,4.248495242049359,14866.0,9.60683200528524
LP001138,Male,Yes,1,Graduate,No,5649,0.0,44.0,360.0,1.0,Urban,Y,3.784189633918261,5649.0,8.639233817325263
LP001669,Female,No,0,Not Graduate,No,1907,2365.0,120.0,360.0,1.0,Urban,Y,4.787491742782046,4272.0,8.35983738064003
LP002250,Male,Yes,0,Graduate,No,5488,0.0,125.0,360.0,1.0,Rural,Y,4.8283137373023015,5488.0,8.610319169405722
LP001713,Male,Yes,1,Graduate,Yes,7787,0.0,240.0,360.0,1.0,Urban,Y,5.480638923341991,7787.0,8.960210955576986
LP001884,Female,No,1,Graduate,No,2876,1560.0,90.0,360.0,1.0,Urban,Y,4.499809670330265,4436.0,8.397508348470257
LP001518,Male,Yes,1,Graduate,No,1538,1425.0,30.0,360.0,1.0,Urban,Y,3.4011973816621555,2963.0,7.993957547573565
LP001579,Male,No,0,Graduate,No,2237,0.0,63.0,480.0,0.0,Semiurban,N,4.143134726391533,2237.0,7.71289096149013
LP001630,Male,No,0,Not Graduate,No,2333,1451.0,102.0,480.0,0.0,Urban,N,4.624972813284271,3784.0,8.238536930171769
LP002832,Male,Yes,2,Graduate,No,8799,0.0,258.0,360.0,0.0,Urban,N,5.552959584921617,8799.0,9.08239335764556
LP002043,Female,No,1,Graduate,No,3541,0.0,112.0,360.0,unknown,Semiurban,Y,4.718498871295094,3541.0,8.172164452111904
LP001478,Male,No,0,Graduate,No,2718,0.0,70.0,360.0,1.0,Semiurban,Y,4.248495242049359,2718.0,7.907651594711089
LP002473,Male,Yes,0,Graduate,No,8334,0.0,160.0,360.0,1.0,Semiurban,N,5.075173815233827,8334.0,9.0280988119824
LP002119,Male,Yes,1,Not Graduate,No,4554,1229.0,158.0,360.0,1.0,Urban,Y,5.062595033026967,5783.0,8.662677858158219
LP001560,Male,Yes,0,Not Graduate,No,1863,1041.0,98.0,360.0,1.0,Semiurban,Y,4.584967478670572,2904.0,7.973844375944687
LP002068,Male,No,0,Graduate,No,4917,0.0,130.0,360.0,0.0,Rural,Y,4.867534450455582,4917.0,8.50045386741194
LP001657,Male,Yes,0,Not Graduate,No,6033,0.0,160.0,360.0,1.0,Urban,N,5.075173815233827,6033.0,8.704999678440762
LP002422,Male,No,1,Graduate,No,37719,0.0,152.0,360.0,1.0,Semiurban,Y,5.0238805208462765,37719.0,10.537919225261291
LP002586,Female,Yes,1,Graduate,No,3326,913.0,105.0,84.0,1.0,Semiurban,Y,4.653960350157523,4239.0,8.352082671352637
LP002837,Male,Yes,3+,Graduate,No,3400,2500.0,123.0,360.0,0.0,Rural,N,4.812184355372417,5900.0,8.68270762989381
LP002555,Male,Yes,2,Graduate,Yes,4583,2083.0,160.0,360.0,1.0,Semiurban,Y,5.075173815233827,6666.0,8.804775258867686
LP001013,Male,Yes,0,Not Graduate,No,2333,1516.0,95.0,360.0,1.0,Urban,Y,4.553876891600541,3849.0,8.255568653283746
LP001931,Female,No,0,Graduate,No,4124,0.0,115.0,360.0,1.0,Semiurban,Y,4.74493212836325,4124.0,8.32457884513685
LP001186,Female,Yes,1,Graduate,Yes,11500,0.0,286.0,360.0,0.0,Urban,N,5.655991810819852,11500.0,9.350102314351341
LP002683,Male,No,0,Graduate,No,4683,1915.0,185.0,360.0,1.0,Semiurban,N,5.220355825078324,6598.0,8.794521851788527
LP001255,Male,No,0,Graduate,No,3750,0.0,113.0,480.0,1.0,Urban,N,4.727387818712341,3750.0,8.229511118964457
LP002434,Male,Yes,2,Not Graduate,No,4652,0.0,110.0,360.0,1.0,Rural,Y,4.700480365792417,4652.0,8.445052513638554
LP002031,Male,Yes,1,Not Graduate,No,3399,1640.0,111.0,180.0,1.0,Urban,Y,4.709530201312334,5039.0,8.524962928680598
LP002537,Male,Yes,0,Graduate,No,2083,3150.0,128.0,360.0,1.0,Semiurban,Y,4.852030263919617,5233.0,8.562740006372207
LP001334,Male,Yes,0,Not Graduate,No,4188,0.0,115.0,180.0,1.0,Semiurban,Y,4.74493212836325,4188.0,8.339978571990427
LP002054,Male,Yes,2,Not Graduate,No,3601,1590.0,125.0,360.0,1.0,Rural,Y,4.8283137373023015,5191.0,8.55468163582723
LP001198,Male,Yes,1,Graduate,No,8080,2250.0,180.0,360.0,1.0,Urban,Y,5.19295685089021,10330.0,9.242807562113684
LP002731,Female,No,0,Not Graduate,Yes,18165,0.0,125.0,360.0,1.0,Urban,Y,4.8283137373023015,18165.0,9.807251944655302
LP001327,Female,Yes,0,Graduate,No,2484,2302.0,137.0,360.0,1.0,Semiurban,Y,4.919980925828125,4786.0,8.47345026846832
LP002953,Male,Yes,3+,Graduate,No,5703,0.0,128.0,360.0,1.0,Urban,Y,4.852030263919617,5703.0,8.648747631156539
LP002648,Male,Yes,0,Graduate,No,2130,6666.0,70.0,180.0,1.0,Semiurban,N,4.248495242049359,8796.0,9.082052351674651
LP002524,Male,No,2,Graduate,No,5532,4648.0,162.0,360.0,1.0,Rural,Y,5.087596335232384,10180.0,9.228180290104513
LP002841,Male,Yes,0,Graduate,No,3166,2064.0,104.0,360.0,0.0,Urban,N,4.6443908991413725,5230.0,8.56216655705897
LP001469,Male,No,0,Graduate,Yes,20166,0.0,650.0,480.0,unknown,Urban,Y,6.476972362889683,20166.0,9.91175329695316
LP001047,Male,Yes,0,Not Graduate,No,2600,1911.0,116.0,360.0,0.0,Semiurban,N,4.7535901911063645,4511.0,8.414274137408396
LP002390,Male,No,0,Graduate,No,3750,0.0,100.0,360.0,1.0,Urban,Y,4.605170185988092,3750.0,8.229511118964457
LP002377,Female,No,1,Graduate,Yes,8624,0.0,150.0,360.0,1.0,Semiurban,Y,5.0106352940962555,8624.0,9.06230429314878
LP002188,Male,No,0,Graduate,No,5124,0.0,124.0,360.0,0.0,Rural,N,4.820281565605037,5124.0,8.541690663016626
LP002943,Male,No,unknown,Graduate,No,2987,0.0,88.0,360.0,0.0,Semiurban,N,4.477336814478207,2987.0,8.00202481821611
LP001637,Male,Yes,1,Graduate,No,33846,0.0,260.0,360.0,1.0,Semiurban,N,5.560681631015528,33846.0,10.429576102968031
LP002517,Male,Yes,1,Not Graduate,No,2653,1500.0,113.0,180.0,0.0,Rural,N,4.727387818712341,4153.0,8.331586243630754
LP001018,Male,Yes,2,Graduate,No,4006,1526.0,168.0,360.0,1.0,Urban,Y,5.123963979403259,5532.0,8.61830469278465
LP001841,Male,No,0,Not Graduate,Yes,2583,2167.0,104.0,360.0,1.0,Rural,Y,4.6443908991413725,4750.0,8.465899897028686
LP001647,Male,Yes,0,Graduate,No,9328,0.0,188.0,180.0,1.0,Rural,Y,5.236441962829949,9328.0,9.140775908590273
LP001644,unknown,Yes,0,Graduate,Yes,674,5296.0,168.0,360.0,1.0,Rural,Y,5.123963979403259,5970.0,8.694502206386648
LP001760,Male,unknown,unknown,Graduate,No,4758,0.0,158.0,480.0,1.0,Semiurban,Y,5.062595033026967,4758.0,8.467582690862903
LP001702,Male,No,0,Graduate,No,3418,0.0,127.0,360.0,1.0,Semiurban,N,4.844187086458591,3418.0,8.136810863675537
LP001316,Male,Yes,0,Graduate,No,2958,2900.0,131.0,360.0,1.0,Semiurban,Y,4.875197323201151,5858.0,8.675563527387679
LP002494,Male,No,0,Graduate,No,6000,0.0,140.0,360.0,1.0,Rural,Y,4.941642422609304,6000.0,8.699514748210191
LP002341,Female,No,1,Graduate,No,2600,0.0,160.0,360.0,1.0,Urban,N,5.075173815233827,2600.0,7.8632667240095735
LP002393,Female,unknown,unknown,Graduate,No,10047,0.0,125.0,240.0,1.0,Semiurban,Y,4.8283137373023015,10047.0,9.215029361462314
LP002444,Male,No,1,Not Graduate,Yes,2769,1542.0,190.0,360.0,unknown,Semiurban,N,5.247024072160486,4311.0,8.368925174747135
LP001137,Female,No,0,Graduate,No,3410,0.0,88.0,360.0,1.0,Urban,Y,4.477336814478207,3410.0,8.134467570277563
LP001144,Male,Yes,0,Graduate,No,5821,0.0,144.0,360.0,1.0,Urban,Y,4.969813299576001,5821.0,8.669227347271736
LP002225,Male,Yes,2,Graduate,No,5391,0.0,130.0,360.0,1.0,Urban,Y,4.867534450455582,5391.0,8.592486175451668
LP001245,Male,Yes,2,Not Graduate,Yes,1875,1875.0,97.0,360.0,1.0,Semiurban,Y,4.574710978503383,3750.0,8.229511118964457
LP001507,Male,Yes,0,Graduate,No,2698,2034.0,122.0,360.0,1.0,Semiurban,Y,4.804021044733257,4732.0,8.462103225098277
LP001994,Female,No,0,Graduate,No,2400,1863.0,104.0,360.0,0.0,Urban,N,4.6443908991413725,4263.0,8.35772841676521
LP001034,Male,No,1,Not Graduate,No,3596,0.0,100.0,240.0,unknown,Urban,Y,4.605170185988092,3596.0,8.18757739559151
LP001673,Male,No,0,Graduate,Yes,11000,0.0,83.0,360.0,1.0,Urban,N,4.418840607796598,11000.0,9.305650551780507
LP001068,Male,Yes,0,Graduate,No,2799,2253.0,122.0,360.0,1.0,Semiurban,Y,4.804021044733257,5052.0,8.527539483470381
LP001541,Male,Yes,1,Graduate,No,6000,0.0,160.0,360.0,unknown,Rural,Y,5.075173815233827,6000.0,8.699514748210191
LP002755,Male,Yes,1,Not Graduate,No,2239,2524.0,128.0,360.0,1.0,Urban,Y,4.852030263919617,4763.0,8.46863300080086
LP002637,Male,No,0,Not Graduate,No,3598,1287.0,100.0,360.0,1.0,Rural,N,4.605170185988092,4885.0,8.493924564476883
LP001633,Male,Yes,1,Graduate,No,6400,7250.0,180.0,360.0,0.0,Urban,N,5.19295685089021,13650.0,9.521494800613105
LP002898,Male,Yes,1,Graduate,No,1880,0.0,61.0,360.0,unknown,Rural,N,4.110873864173311,1880.0,7.539027055823995
LP001578,Male,Yes,0,Graduate,No,2439,3333.0,129.0,360.0,1.0,Rural,Y,4.859812404361672,5772.0,8.660773919893762
LP001146,Female,Yes,0,Graduate,No,2645,3440.0,120.0,360.0,0.0,Urban,N,4.787491742782046,6085.0,8.713582005421628
LP002533,Male,Yes,2,Graduate,No,2947,1603.0,128.0,360.0,1.0,Urban,N,4.852030263919617,4550.0,8.422882511944996
LP001677,Male,No,2,Graduate,No,4923,0.0,166.0,360.0,0.0,Semiurban,Y,5.111987788356544,4923.0,8.5016733797582
LP002231,Female,No,0,Graduate,No,6000,0.0,156.0,360.0,1.0,Urban,Y,5.049856007249537,6000.0,8.699514748210191
LP002065,Male,Yes,3+,Graduate,No,15000,0.0,300.0,360.0,1.0,Rural,Y,5.703782474656201,15000.0,9.615805480084347
LP002239,Male,No,0,Not Graduate,No,2346,1600.0,132.0,360.0,1.0,Semiurban,Y,4.882801922586371,3946.0,8.28045768658256
LP002128,Male,Yes,2,Graduate,unknown,2583,2330.0,125.0,360.0,1.0,Rural,Y,4.8283137373023015,4913.0,8.499640032168648
LP002126,Male,Yes,3+,Not Graduate,No,3173,0.0,74.0,360.0,1.0,Semiurban,Y,4.30406509320417,3173.0,8.062432791583195
LP001449,Male,No,0,Graduate,No,3865,1640.0,125.0,360.0,1.0,Rural,Y,4.8283137373023015,5505.0,8.61341204915678
LP002916,Male,Yes,0,Graduate,No,2297,1522.0,104.0,360.0,1.0,Urban,Y,4.6443908991413725,3819.0,8.247743887225516
LP001014,Male,Yes,3+,Graduate,No,3036,2504.0,158.0,360.0,0.0,Semiurban,N,5.062595033026967,5540.0,8.61974977974133
LP001610,Male,Yes,3+,Graduate,No,5516,11300.0,495.0,360.0,0.0,Semiurban,N,6.20455776256869,16816.0,9.730086093116732
LP001280,Male,Yes,2,Not Graduate,No,3333,2000.0,99.0,360.0,unknown,Semiurban,Y,4.59511985013459,5333.0,8.581669210600602
LP002067,Male,Yes,1,Graduate,Yes,8666,4983.0,376.0,360.0,0.0,Rural,N,5.929589143389895,13649.0,9.521421537856195
LP002974,Male,Yes,0,Graduate,No,3232,1950.0,108.0,360.0,1.0,Rural,Y,4.68213122712422,5182.0,8.552946361122055
LP002004,Male,No,0,Not Graduate,No,2927,2405.0,111.0,360.0,1.0,Semiurban,Y,4.709530201312334,5332.0,8.5814816812986
LP001451,Male,Yes,1,Graduate,Yes,10513,3850.0,160.0,180.0,0.0,Urban,N,5.075173815233827,14363.0,9.572410734431823
LP002739,Male,Yes,0,Not Graduate,No,2917,536.0,66.0,360.0,1.0,Rural,N,4.189654742026425,3453.0,8.146998697389993
LP001770,Male,No,0,Not Graduate,No,3189,2598.0,120.0,360.0,1.0,Rural,Y,4.787491742782046,5787.0,8.663369301573839
LP002362,Male,Yes,1,Graduate,No,7250,1667.0,110.0,360.0,0.0,Urban,N,4.700480365792417,8917.0,9.095714846134879
LP001643,Male,Yes,0,Graduate,No,2383,2138.0,58.0,360.0,unknown,Rural,Y,4.060443010546419,4521.0,8.416488487294606
LP001806,Male,No,0,Graduate,No,2965,5701.0,155.0,60.0,1.0,Urban,Y,5.043425116919247,8666.0,9.067162602299854
LP002370,Male,No,0,Not Graduate,No,2717,0.0,60.0,180.0,1.0,Urban,Y,4.0943445622221,2717.0,7.907283609426348
LP001046,Male,Yes,1,Graduate,No,5955,5625.0,315.0,360.0,1.0,Urban,Y,5.752572638825633,11580.0,9.357034751126987
LP001326,Male,No,0,Graduate,unknown,6782,0.0,128.0,360.0,unknown,Urban,N,4.852030263919617,6782.0,8.822027322685583
LP002347,Male,Yes,0,Graduate,No,3246,1417.0,138.0,360.0,1.0,Semiurban,Y,4.927253685157205,4663.0,8.44741429680832
LP001369,Male,Yes,2,Graduate,No,11417,1126.0,225.0,360.0,1.0,Urban,Y,5.41610040220442,12543.0,9.436918020024674
LP001536,Male,Yes,3+,Graduate,No,39999,0.0,600.0,180.0,0.0,Semiurban,Y,6.396929655216146,39999.0,10.596609732783568
LP002318,Female,No,1,Not Graduate,Yes,3867,0.0,62.0,360.0,1.0,Semiurban,N,4.127134385045092,3867.0,8.260234291607297
LP001275,Male,Yes,1,Graduate,No,3988,0.0,50.0,240.0,1.0,Urban,Y,3.912023005428146,3988.0,8.291045131081729
LP001003,Male,Yes,1,Graduate,No,4583,1508.0,128.0,360.0,1.0,Rural,N,4.852030263919617,6091.0,8.714567550836485
LP002705,Male,Yes,0,Graduate,No,3775,0.0,110.0,360.0,1.0,Semiurban,Y,4.700480365792417,3775.0,8.236155661683124
LP001640,Male,Yes,0,Graduate,Yes,39147,4750.0,120.0,360.0,1.0,Semiurban,Y,4.787491742782046,43897.0,10.689601259598334
LP001788,Female,No,0,Graduate,Yes,3463,0.0,122.0,360.0,unknown,Urban,Y,4.804021044733257,3463.0,8.149890544402423
LP002243,Male,Yes,0,Not Graduate,No,3010,3136.0,128.0,360.0,0.0,Urban,N,4.852030263919617,6146.0,8.72355674269043
LP001998,Male,Yes,2,Not Graduate,No,7667,0.0,185.0,360.0,unknown,Rural,Y,5.220355825078324,7667.0,8.944680683558895
LP001489,Female,Yes,0,Graduate,No,4583,0.0,84.0,360.0,1.0,Rural,N,4.430816798843313,4583.0,8.430109084509125
LP001674,Male,Yes,1,Not Graduate,No,2600,2500.0,90.0,360.0,1.0,Semiurban,Y,4.499809670330265,5100.0,8.536995818712418
LP001580,Male,Yes,2,Graduate,No,8000,0.0,200.0,360.0,1.0,Semiurban,Y,5.298317366548036,8000.0,8.987196820661973
LP001562,Male,Yes,0,Graduate,No,7933,0.0,275.0,360.0,1.0,Urban,N,5.616771097666572,7933.0,8.978786553302003
LP001207,Male,Yes,0,Not Graduate,Yes,2609,3449.0,165.0,180.0,0.0,Rural,N,5.10594547390058,6058.0,8.709134991587183
LP002840,Female,No,0,Graduate,No,2378,0.0,9.0,360.0,1.0,Urban,N,2.1972245773362196,2378.0,7.774015077250727
LP002236,Male,Yes,2,Graduate,No,4566,0.0,100.0,360.0,1.0,Urban,N,4.605170185988092,4566.0,8.42639282708974
LP002855,Male,Yes,2,Graduate,No,16666,0.0,275.0,360.0,1.0,Urban,Y,5.616771097666572,16666.0,9.721125994942152
LP001900,Male,Yes,1,Graduate,No,2750,1842.0,115.0,360.0,1.0,Semiurban,Y,4.74493212836325,4592.0,8.432070937999402
LP002190,Male,Yes,1,Graduate,No,6325,0.0,175.0,360.0,1.0,Semiurban,Y,5.1647859739235145,6325.0,8.752265313595721
LP001155,Female,Yes,0,Not Graduate,No,1928,1644.0,100.0,360.0,1.0,Semiurban,Y,4.605170185988092,3572.0,8.18088094199639
LP002729,Male,No,1,Graduate,No,11250,0.0,196.0,360.0,unknown,Semiurban,N,5.278114659230517,11250.0,9.328123407632566
LP002106,Male,Yes,unknown,Graduate,Yes,5503,4490.0,70.0,360.0,1.0,Semiurban,Y,4.248495242049359,9993.0,9.209640126861789
LP001206,Male,Yes,3+,Graduate,No,3029,0.0,99.0,360.0,1.0,Urban,Y,4.59511985013459,3029.0,8.015987811027237
LP002833,Male,Yes,0,Not Graduate,No,4467,0.0,120.0,360.0,unknown,Rural,Y,4.787491742782046,4467.0,8.404472321352118
LP002813,Female,Yes,1,Graduate,Yes,19484,0.0,600.0,360.0,1.0,Semiurban,Y,6.396929655216146,19484.0,9.877348894926433
LP001586,Male,Yes,3+,Not Graduate,No,3522,0.0,81.0,180.0,1.0,Rural,N,4.394449154672439,3522.0,8.166784289056151
LP002723,Male,No,2,Graduate,No,3588,0.0,110.0,360.0,0.0,Rural,N,4.700480365792417,3588.0,8.185350223178686
LP002768,Male,No,0,Not Graduate,No,3358,0.0,80.0,36.0,1.0,Semiurban,N,4.382026634673881,3358.0,8.119100837637486
LP001786,Male,Yes,0,Graduate,unknown,5746,0.0,255.0,360.0,unknown,Urban,N,5.541263545158426,5746.0,8.656259239539235
LP001266,Male,Yes,1,Graduate,Yes,2395,0.0,125.0,360.0,1.0,Semiurban,Y,4.8283137373023015,2395.0,7.781138509845015
LP001974,Female,No,0,Graduate,No,5000,0.0,132.0,360.0,1.0,Rural,Y,4.882801922586371,5000.0,8.517193191416238
LP001577,Female,Yes,0,Graduate,No,4583,0.0,112.0,360.0,1.0,Rural,N,4.718498871295094,4583.0,8.430109084509125
LP001868,Male,No,0,Graduate,No,2060,2209.0,134.0,360.0,1.0,Semiurban,Y,4.897839799950911,4269.0,8.359134886757962
LP002777,Male,Yes,0,Graduate,No,2785,2016.0,110.0,360.0,1.0,Rural,Y,4.700480365792417,4801.0,8.476579508530941
LP001699,Male,No,0,Graduate,No,2479,0.0,59.0,360.0,1.0,Urban,Y,4.07753744390572,2479.0,7.8156105320351905
LP002493,Male,No,0,Graduate,No,4166,0.0,98.0,360.0,0.0,Semiurban,N,4.584967478670572,4166.0,8.334711621820917
LP001228,Male,No,0,Not Graduate,No,3200,2254.0,126.0,180.0,0.0,Urban,N,4.836281906951478,5454.0,8.604104563405533
LP001546,Male,No,0,Graduate,unknown,2980,2083.0,120.0,360.0,1.0,Rural,Y,4.787491742782046,5063.0,8.529714471969909
LP001439,Male,Yes,0,Not Graduate,No,4300,2014.0,194.0,360.0,1.0,Rural,Y,5.267858159063328,6314.0,8.750524669117937
LP001722,Male,Yes,0,Graduate,No,150,1800.0,135.0,360.0,1.0,Rural,N,4.90527477843843,1950.0,7.575584651557793
LP001482,Male,Yes,0,Graduate,Yes,3459,0.0,25.0,120.0,1.0,Semiurban,Y,3.2188758248682006,3459.0,8.148734808937169
LP001570,Male,Yes,2,Graduate,No,4167,1447.0,158.0,360.0,1.0,Rural,Y,5.062595033026967,5614.0,8.633018756921828
LP001488,Male,Yes,3+,Graduate,No,4000,7750.0,290.0,360.0,1.0,Semiurban,N,5.66988092298052,11750.0,9.371608519572305
LP002626,Male,Yes,0,Graduate,Yes,2479,3013.0,188.0,360.0,1.0,Urban,Y,5.236441962829949,5492.0,8.61104776688786
LP001520,Male,Yes,0,Graduate,No,4860,830.0,125.0,360.0,1.0,Semiurban,Y,4.8283137373023015,5690.0,8.646465527120377
LP001066,Male,Yes,0,Graduate,Yes,9560,0.0,191.0,360.0,1.0,Semiurban,Y,5.25227342804663,9560.0,9.165343006045447
LP001492,Male,No,0,Graduate,No,14999,0.0,242.0,360.0,0.0,Semiurban,N,5.488937726156687,14999.0,9.61573881119536
LP002337,Female,No,0,Graduate,No,2995,0.0,60.0,360.0,1.0,Urban,Y,4.0943445622221,2995.0,8.00469951054955
LP001264,Male,Yes,3+,Not Graduate,Yes,3333,2166.0,130.0,360.0,unknown,Semiurban,Y,4.867534450455582,5499.0,8.612321536507814
LP002740,Male,Yes,3+,Graduate,No,6417,0.0,157.0,180.0,1.0,Rural,Y,5.056245805348308,6417.0,8.766705997750515
LP002484,Male,Yes,3+,Graduate,No,7740,0.0,128.0,180.0,1.0,Urban,Y,4.852030263919617,7740.0,8.954156966583772
LP002446,Male,Yes,2,Not Graduate,No,2309,1255.0,125.0,360.0,0.0,Rural,N,4.8283137373023015,3564.0,8.1786387885907
LP001086,Male,No,0,Not Graduate,No,1442,0.0,35.0,360.0,1.0,Urban,N,3.5553480614894135,1442.0,7.273786317844895
LP002141,Male,Yes,3+,Graduate,No,2666,2083.0,95.0,360.0,1.0,Rural,Y,4.553876891600541,4749.0,8.465689348549121
LP002842,Male,Yes,1,Graduate,No,3417,1750.0,186.0,360.0,1.0,Urban,Y,5.225746673713202,5167.0,8.550047528287184
LP001136,Male,Yes,0,Not Graduate,Yes,4695,0.0,96.0,360.0,1.0,Urban,Y,4.564348191467836,4695.0,8.454253391642363
LP001565,Male,Yes,1,Graduate,No,3089,1280.0,121.0,360.0,0.0,Semiurban,N,4.795790545596741,4369.0,8.382289428951436
LP001238,Male,Yes,3+,Not Graduate,Yes,7100,0.0,125.0,60.0,1.0,Urban,Y,4.8283137373023015,7100.0,8.867850063029406
LP001448,unknown,Yes,3+,Graduate,No,23803,0.0,370.0,360.0,1.0,Rural,Y,5.91350300563827,23803.0,10.077566902136047
